<?xml version="1.0" encoding="UTF-8"?>
<students>
	<!-- haha -->
	<student id='1'>
		<name>Jack</name>
		<age>18</age>
		<gender>男</gender>
		<description>一个好学生</description>
	</student>
	<student id="100">
		<name>Ann</name>
		<age>17</age>
		<gender>女</gender>
		<description>一个漂亮的女生</description>
	</student>
	<student id="100">
		<name>Ann</name>
		<age>17</age>
		<gender>女</gender>
		<description>一个漂亮的女生</description>
	</student>
	<student id="100">
		<name>Ann</name>
		<age>17</age>
		<gender>女</gender>
		<description>一个漂亮的女生</description>
	</student>
	<student id="100">
		<name>Ann</name>
		<age>17</age>
		<gender>女</gender>
		<description>一个漂亮的女生</description>
	</student>
	<student id="100">
		<name>Ann</name>
		<age>17</age>
		<gender>女</gender>
		<description>一个漂亮的女生</description>
	</student>
	<student id="100">
		<name>Ann</name>
		<age>17</age>
		<gender>女</gender>
		<description>一个漂亮的女生</description>
	</student>
	<student id="100">
		<name>Ann</name>
		<age>17</age>
		<gender>女</gender>
		<description>一个漂亮的女生</description>
	</student>
	
</students>